{"b": 8499.599646284936, "a": -0.021448963555604394}